last_name,first_name,gender,address
Huber,Brittany,x,"{'address': '049 Rush Lock Suite 540', 'city': 'Smithmouth', 'state': 'Rhode Island'}"
Mcdonald,Anne,x,"{'address': '1488 Leach Port', 'city': 'Alexisfurt', 'state': 'Montana'}"
Hernandez,Jennifer,f,"{'address': '4991 Obrien Pass Suite 122', 'city': 'Lake John', 'state': 'Maryland'}"
Jones,David,x,"{'address': '294 Miller Coves', 'city': 'South Sarah', 'state': 'Idaho'}"
Dyer,Billy,f,"{'address': '265 Kelli Garden Apt. 426', 'city': 'Lake Heather', 'state': 'Wisconsin'}"
Rivera,Chad,m,"{'address': '50589 Angela Prairie Apt. 954', 'city': 'East Christina', 'state': 'Connecticut'}"
Nelson,Carrie,f,"{'address': '30979 Turner Stravenue Suite 486', 'city': 'Marychester', 'state': 'Maryland'}"
Sandoval,Laura,f,"{'address': '426 Randall Cliff Apt. 288', 'city': 'East Nicolefort', 'state': 'Nebraska'}"
Lozano,Jason,m,"{'address': '2903 Ferguson Divide', 'city': 'Port Judith', 'state': 'Colorado'}"
Atkins,Scott,x,"{'address': '68237 Brown Trail Suite 772', 'city': 'North Colleenmouth', 'state': 'Kansas'}"
Ward,James,f,"{'address': '14746 Madeline Street Apt. 801', 'city': 'Port Nicole', 'state': 'Nebraska'}"
Davis,Kristi,x,"{'address': '758 Anderson Turnpike', 'city': 'East Kimberly', 'state': 'New Jersey'}"
Edwards,James,x,"{'address': '338 Wilcox Harbor', 'city': 'New Michael', 'state': 'Maine'}"
Hall,Peggy,m,"{'address': '72344 James Corners', 'city': 'Rogersshire', 'state': 'Iowa'}"
Fuentes,Lisa,m,"{'address': '856 Simpson Islands', 'city': 'Charlesfurt', 'state': 'South Carolina'}"
Frey,Jaime,f,"{'address': '03016 Lucas Pass Apt. 481', 'city': 'West Ronaldstad', 'state': 'Virginia'}"
Chen,Tara,x,"{'address': '026 Taylor Camp', 'city': 'Phillipbury', 'state': 'Pennsylvania'}"
Medina,Gabriel,f,"{'address': '11123 Kiara Summit', 'city': 'Bellburgh', 'state': 'Nebraska'}"
Wagner,Dustin,m,"{'address': '7485 Samuel Course', 'city': 'Debrastad', 'state': 'Virginia'}"
Weber,Jennifer,m,"{'address': '760 Curry Crest', 'city': 'North Timothy', 'state': 'Connecticut'}"
James,Laura,x,"{'address': '268 Phillips Ford', 'city': 'Port Mark', 'state': 'Kansas'}"
Chavez,Bonnie,x,"{'address': '016 Ware Inlet Suite 347', 'city': 'New Bridgetbury', 'state': 'Arizona'}"
Merritt,Donna,f,"{'address': '1068 Cooper Route Apt. 362', 'city': 'Lake Jason', 'state': 'Wyoming'}"
Fernandez,Christopher,f,"{'address': '240 Adriana Land', 'city': 'New Jenniferstad', 'state': 'Texas'}"
Duran,Jeremy,f,"{'address': '793 Johnson Terrace Suite 847', 'city': 'North Daisy', 'state': 'Pennsylvania'}"
Gomez,Regina,x,"{'address': '75478 Lynn Branch', 'city': 'New Joshua', 'state': 'West Virginia'}"
Jensen,Terry,x,"{'address': '31352 Simpson Throughway', 'city': 'Stephenport', 'state': 'Georgia'}"
Miller,Devin,m,"{'address': '49013 Perry Canyon', 'city': 'Jerryborough', 'state': 'Pennsylvania'}"
Mann,Matthew,x,"{'address': '5250 Catherine Lane', 'city': 'Port Terriland', 'state': 'Iowa'}"
Carpenter,Thomas,m,"{'address': '09211 Clay Light Apt. 006', 'city': 'Josephborough', 'state': 'California'}"
Edwards,Suzanne,f,"{'address': '141 Kathryn Vista', 'city': 'Williamchester', 'state': 'Montana'}"
Clark,Stephanie,x,"{'address': '15977 Tammy Dale Apt. 357', 'city': 'Hickstown', 'state': 'Virginia'}"
Mendez,Charles,f,"{'address': '344 Jenkins Viaduct', 'city': 'Lake Alyssa', 'state': 'Louisiana'}"
Raymond,Robin,x,"{'address': '93298 Amy Drive', 'city': 'Williamsview', 'state': 'Utah'}"
Watts,Jonathan,x,"{'address': '082 Alexander Fords', 'city': 'Johnsonfort', 'state': 'Alabama'}"
Williams,Kevin,f,"{'address': '569 Derek Terrace', 'city': 'South Eric', 'state': 'Vermont'}"
Phillips,Jennifer,m,"{'address': '8635 Mark Wells', 'city': 'West Stephanietown', 'state': 'North Dakota'}"
Macias,Emily,f,"{'address': '294 Matthew Grove', 'city': 'New Dana', 'state': 'Mississippi'}"
Bryant,Rachel,x,"{'address': '59431 Santiago Pike Apt. 615', 'city': 'New Morganside', 'state': 'Utah'}"
Robinson,Vickie,m,"{'address': '208 Jacqueline Land Apt. 149', 'city': 'Thompsonborough', 'state': 'Vermont'}"
Mitchell,Steven,x,"{'address': '0985 Bell Drive', 'city': 'West Courtney', 'state': 'Montana'}"
Potter,Karla,f,"{'address': '4705 Christian Way', 'city': 'Ritamouth', 'state': 'Louisiana'}"
Sullivan,Sarah,m,"{'address': '790 Darrell Cliff', 'city': 'North Jasmine', 'state': 'Mississippi'}"
Daniels,Andrew,x,"{'address': '76608 Rosales Well Apt. 860', 'city': 'Port Taraberg', 'state': 'West Virginia'}"
Boyd,Mark,x,"{'address': '2585 Michele Wall', 'city': 'Lyonsberg', 'state': 'Massachusetts'}"
Harris,Sherri,m,"{'address': '469 Chad Mall Suite 693', 'city': 'New Jared', 'state': 'Missouri'}"
Tran,Anthony,x,"{'address': '2854 Tina Springs Suite 336', 'city': 'North Jeffreyborough', 'state': 'Kentucky'}"
Taylor,Melissa,m,"{'address': '4410 Petty Fords Suite 619', 'city': 'Justinburgh', 'state': 'Mississippi'}"
Dean,Amanda,x,"{'address': '93345 Kimberly Light', 'city': 'New Chadmouth', 'state': 'South Carolina'}"
Burgess,Adam,m,"{'address': '21980 Raymond Creek Suite 102', 'city': 'Quinnberg', 'state': 'Missouri'}"
